"","Kennziffer Gemeindeverband","Name Gemeindeverband","Bevölkerung","GISD_Score","GISD_5","GISD_10","GISD_k"
"1",8111000,"Stuttgart, Landeshauptstadt",612441,0.268055,1,1,1
"2",8115003,"Böblingen, Stadt",47385,0.268479,1,1,1
"3",8115028,"Leonberg, Stadt",46143,0.257099,1,1,1
"4",8115029,"Magstadt",9083,0.253644,1,1,1
"5",8115041,"Renningen, Stadt",16878,0.257505,1,1,1
"6",8115042,"Rutesheim, Stadt",10493,0.255597,1,1,1
"7",8115044,"Schönaich",9901,0.255391,1,1,1
"8",8115045,"Sindelfingen, Stadt",62215,0.279005,1,1,1
"9",8115050,"Weil der Stadt, Stadt",18500,0.269744,1,1,1
"10",8115051,"Weil im Schönbuch",9766,0.258585,1,1,1
"11",8115052,"Weissach",7463,0.238486,1,1,1
"12",8115901,"GVV Aidlingen/Grafenau",15366,0.253911,1,1,1
"13",8115902,"GVV Gärtringen/Ehningen",20202,0.25481,1,1,1
"14",8115903,"VVG der Stadt Herrenberg",39338,0.282136,1,1,1
"15",8115904,"GVV Holzgerlingen",20652,0.255452,1,1,1
"16",8115905,"GVV Oberes Gäu",26183,0.282526,1,1,1
"17",8115906,"GVV Waldenbuch/Steinenbronn",14711,0.251516,1,1,1
"18",8116015,"Denkendorf",10588,0.29355,1,1,1
"19",8116019,"Esslingen am Neckar, Stadt",90378,0.326666,1,2,1
"20",8116047,"Neuhausen auf den Fildern",11583,0.271534,1,1,1
"21",8116072,"Wernau (Neckar), Stadt",12200,0.302235,1,1,1
"22",8116076,"Aichwald",7460,0.280554,1,1,1
"23",8116077,"Filderstadt, Stadt",44721,0.272428,1,1,1
"24",8116078,"Leinfelden-Echterdingen, Stadt",38266,0.278184,1,1,1
"25",8116080,"Ostfildern, Stadt",37785,0.286507,1,1,1
"26",8116081,"Aichtal, Stadt",9665,0.287156,1,1,1
"27",8116901,"VVG der Stadt Kirchheim unter Teck",48858,0.324153,1,2,1
"28",8116902,"GVV Lenningen",13455,0.304486,1,1,1
"29",8116903,"GVV Neckartenzlingen",18957,0.297244,1,1,1
"30",8116904,"VVG der Stadt Neuffen",11880,0.300519,1,1,1
"31",8116905,"VVG der Stadt Nürtingen",69354,0.321944,1,2,1
"32",8116906,"GVV Plochingen",26503,0.305118,1,1,1
"33",8116907,"GVV Reichenbach an der Fils",20951,0.294948,1,1,1
"34",8116908,"VVG der Stadt Weilheim an der Teck",18873,0.298696,1,1,1
"35",8116909,"GVV Wendlingen am Neckar",25302,0.30863,1,1,1
"36",8117010,"Böhmenkirch",5484,0.432141,3,6,2
"37",8117901,"VVG der Gemeinde Deggingen",8867,0.441784,3,6,2
"38",8117902,"VVG der Stadt Ebersbach an der Fils",19135,0.434876,3,6,2
"39",8117903,"GVV Eislingen-Ottenbach-Salach",30315,0.44934,3,6,2
"40",8117904,"VVG der Stadt Geislingen an der Steige",35956,0.472054,4,7,2
"41",8117905,"VVG der Stadt Göppingen",64428,0.464447,4,7,2
"42",8117906,"GVV Mittleres Fils-Lautertal",27495,0.444318,3,6,2
"43",8117907,"GVV Oberes Filstal",6401,0.436832,3,6,2
"44",8117908,"GVV Östlicher Schurwald",10923,0.421499,3,5,2
"45",8117909,"GVV Raum Bad Boll",15777,0.422777,3,5,2
"46",8117910,"VVG der Stadt Uhingen",18173,0.435048,3,6,2
"47",8117911,"GVV Voralb",7163,0.422879,3,5,2
"48",8118003,"Asperg, Stadt",13065,0.321202,1,2,1
"49",8118011,"Ditzingen, Stadt",24427,0.298741,1,1,1
"50",8118019,"Gerlingen, Stadt",19151,0.287981,1,1,1
"51",8118021,"Großbottwar, Stadt",8253,0.336235,1,2,1
"52",8118046,"Kornwestheim, Stadt",32680,0.333594,1,2,1
"53",8118048,"Ludwigsburg, Stadt",91116,0.355638,1,2,1
"54",8118050,"Markgröningen, Stadt",14426,0.305009,1,1,1
"55",8118051,"Möglingen",10983,0.311628,1,2,1
"56",8118060,"Oberstenfeld",7877,0.330656,1,2,1
"57",8118076,"Sachsenheim, Stadt",17861,0.326465,1,2,1
"58",8118080,"Korntal-Münchingen, Stadt",18701,0.299942,1,1,1
"59",8118081,"Remseck am Neckar, Stadt",25042,0.308182,1,1,1
"60",8118901,"GVV Besigheim",32606,0.313611,1,2,1
"61",8118902,"VVG der Stadt Bietigheim-Bissingen",61122,0.313204,1,2,1
"62",8118903,"GVV Bönnigheim",15505,0.337845,1,2,1
"63",8118904,"VVG der Stadt Freiberg am Neckar",21948,0.305756,1,1,1
"64",8118905,"GVV Marbach am Neckar",30676,0.317077,1,2,1
"65",8118906,"GVV Schwieberdingen-Hemmingen",18668,0.293986,1,1,1
"66",8118907,"GVV Steinheim-Murr",18365,0.311697,1,2,1
"67",8118908,"VVG der Stadt Vaihingen an der Enz",43905,0.318697,1,2,1
"68",8119001,"Alfdorf",7053,0.413237,3,5,2
"69",8119020,"Fellbach, Stadt",44611,0.395937,2,4,2
"70",8119041,"Korb",10305,0.38297,2,3,2
"71",8119044,"Murrhardt, Stadt",13656,0.452669,4,7,2
"72",8119061,"Rudersberg",11113,0.414958,3,5,2
"73",8119079,"Waiblingen, Stadt",53407,0.407989,2,4,2
"74",8119089,"Berglen",6067,0.386541,2,3,2
"75",8119090,"Remshalden",13630,0.376466,1,2,1
"76",8119091,"Weinstadt, Stadt",26373,0.385764,2,3,2
"77",8119093,"Kernen im Remstal",15041,0.39246,2,3,2
"78",8119901,"VVG der Stadt Backnang",77170,0.420875,3,5,2
"79",8119902,"GVV Plüderhausen-Urbach",17996,0.411176,3,5,2
"80",8119903,"VVG der Stadt Schorndorf",46265,0.406951,2,4,2
"81",8119904,"GVV Sulzbach",9791,0.448059,3,6,2
"82",8119905,"VVG der Stadt Welzheim",13467,0.439691,3,6,2
"83",8119906,"GVV Winnenden",48071,0.398783,2,4,2
"84",8121000,"Heilbronn, Stadt",119841,0.494236,4,8,2
"85",8125007,"Bad Wimpfen, Stadt",6848,0.414756,3,5,2
"86",8125039,"Gundelsheim, Stadt",7148,0.396342,2,4,2
"87",8125058,"Leingarten",11092,0.363394,1,2,1
"88",8125068,"Neudenau, Stadt",5079,0.386322,2,3,2
"89",8125107,"Wüstenrot",6665,0.415587,3,5,2
"90",8125901,"VVG der Stadt Bad Friedrichshall",27462,0.420678,3,5,2
"91",8125902,"VVG der Stadt Bad Rappenau",27529,0.412465,3,5,2
"92",8125903,"VVG der Stadt Brackenheim",18038,0.39174,2,3,2
"93",8125904,"VVG der Stadt Eppingen",28517,0.415432,3,5,2
"94",8125905,"GVV Flein-Talheim",11728,0.368636,1,2,1
"95",8125906,"VVG der Stadt Lauffen am Neckar",22419,0.386834,2,3,2
"96",8125907,"VVG der Stadt Möckmühl",12797,0.439114,3,6,2
"97",8125908,"VVG der Stadt Neckarsulm",34853,0.397073,2,4,2
"98",8125909,"VVG der Stadt Neuenstadt am Kocher",17234,0.383699,2,3,2
"99",8125910,"GVV Oberes Zabergäu",12302,0.408668,2,4,2
"100",8125911,"VVG der Gemeinde Obersulm",16644,0.399803,2,4,2
"101",8125912,"GVV Schozach-Bottwartal",27927,0.376849,1,2,1
"102",8125913,"VVG der Stadt Schwaigern",14441,0.391538,2,3,2
"103",8125914,"GVV Raum Weinsberg",20527,0.394736,2,4,2
"104",8126011,"Bretzfeld",12307,0.430172,3,6,2
"105",8126072,"Schöntal",5541,0.414625,3,5,2
"106",8126901,"GVV Hohenloher Ebene",15219,0.437229,3,6,2
"107",8126902,"GVV Krautheim",10679,0.430053,3,6,2
"108",8126903,"VVG der Stadt Künzelsau",20458,0.450816,3,6,2
"109",8126904,"GVV Mittleres Kochertal",10886,0.422274,3,5,2
"110",8126905,"VVG der Stadt Öhringen",33726,0.465128,4,7,2
"111",8127008,"Blaufelden",5174,0.7126,5,10,3
"112",8127052,"Mainhardt",5864,0.514847,5,9,3
"113",8127075,"Schrozberg, Stadt",5669,0.526512,5,9,3
"114",8127901,"GVV Braunsbach-Untermünkheim",5342,0.493745,4,8,2
"115",8127902,"VVG der Stadt Crailsheim",46246,0.519797,5,9,3
"116",8127903,"GVV Fichtenau",8414,0.536082,5,9,3
"117",8127904,"VVG der Stadt Gerabronn",5912,0.484654,4,8,2
"118",8127905,"GVV Ilshofen-Vellberg",12632,0.520236,5,9,3
"119",8127906,"GVV Limpurger Land",20989,0.509064,5,9,3
"120",8127907,"GVV Oberes Bühlertal",9750,0.503663,4,8,2
"121",8127908,"GVV Brettach/Jagst",12862,0.495216,4,8,2
"122",8127909,"VVG der Stadt Schwäbisch Hall",50120,0.519355,5,9,3
"123",8128020,"Creglingen, Stadt",4708,0.494106,4,8,2
"124",8128039,"Freudenberg, Stadt",3760,0.458989,4,7,2
"125",8128064,"Külsheim, Stadt",5234,0.49708,4,8,2
"126",8128082,"Niederstetten, Stadt",4868,0.492094,4,8,2
"127",8128126,"Weikersheim, Stadt",7288,0.484477,4,8,2
"128",8128131,"Wertheim, Stadt",22461,0.492239,4,8,2
"129",8128139,"Lauda-Königshofen, Stadt",14443,0.502847,4,8,2
"130",8128901,"VVG der Stadt Bad Mergentheim",30459,0.491707,4,8,2
"131",8128902,"VVG der Stadt Boxberg",8709,0.486119,4,8,2
"132",8128903,"VVG der Stadt Grünsfeld",5267,0.479691,4,7,2
"133",8128904,"VVG der Stadt Tauberbischofsheim",23102,0.478321,4,7,2
"134",8135010,"Dischingen",4361,0.425502,3,6,2
"135",8135015,"Gerstetten",11601,0.430656,3,6,2
"136",8135020,"Herbrechtingen, Stadt",12890,0.424517,3,5,2
"137",8135025,"Königsbronn",7086,0.431499,3,6,2
"138",8135032,"Steinheim am Albuch",8465,0.412357,3,5,2
"139",8135901,"VVG der Stadt Giengen an der Brenz",21279,0.468194,4,7,2
"140",8135902,"VVG der Stadt Heidenheim an der Brenz",53259,0.465281,4,7,2
"141",8135903,"GVV Sontheim-Niederstotzingen",9953,0.414742,3,5,2
"142",8136002,"Abtsgmünd",7341,0.410232,2,4,2
"143",8136027,"Gschwend",4893,0.424471,3,5,2
"144",8136042,"Lorch, Stadt",10607,0.422681,3,5,2
"145",8136045,"Neresheim, Stadt",7912,0.424726,3,5,2
"146",8136050,"Oberkochen, Stadt",7814,0.435258,3,6,2
"147",8136901,"VVG der Stadt Aalen",79524,0.4312,3,6,2
"148",8136902,"VVG der Stadt Bopfingen",15963,0.465237,4,7,2
"149",8136903,"VVG der Stadt Ellwangen (Jagst)",39735,0.42866,3,6,2
"150",8136904,"GVV Kapfenburg",10628,0.411829,3,5,2
"151",8136905,"GVV Leintal-Frickenhofer Höhe",11465,0.42127,3,5,2
"152",8136906,"GVV Rosenstein",22232,0.419697,3,5,2
"153",8136907,"VVG der Stadt Schwäbisch Gmünd",66237,0.472918,4,7,2
"154",8136908,"GVV Schwäbischer Wald",15582,0.423113,3,5,2
"155",8136909,"GVV Tannhausen",8272,0.413223,3,5,2
"156",8211000,"Baden-Baden, Stadt",53342,0.393259,2,4,2
"157",8212000,"Karlsruhe, Stadt",300051,0.361457,1,2,1
"158",8215017,"Ettlingen, Stadt",38861,0.378874,2,3,2
"159",8215046,"Malsch",14023,0.372655,1,2,1
"160",8215047,"Marxzell",5047,0.377919,2,3,2
"161",8215064,"Östringen, Stadt",12562,0.401753,2,4,2
"162",8215084,"Ubstadt-Weiher",12966,0.385905,2,3,2
"163",8215089,"Walzbachtal",9483,0.368719,1,2,1
"164",8215090,"Weingarten (Baden)",10004,0.375007,1,2,1
"165",8215096,"Karlsbad",15734,0.359141,1,2,1
"166",8215097,"Kraichtal, Stadt",14576,0.393254,2,4,2
"167",8215101,"Pfinztal",17601,0.384967,2,3,2
"168",8215102,"Eggenstein-Leopoldshafen",15930,0.354016,1,2,1
"169",8215105,"Linkenheim-Hochstetten",11693,0.380668,2,3,2
"170",8215106,"Waghäusel, Stadt",20378,0.404092,2,4,2
"171",8215108,"Rheinstetten, Stadt",20279,0.377752,2,3,2
"172",8215109,"Stutensee, Stadt",23829,0.383279,2,3,2
"173",8215110,"Waldbronn",12251,0.351107,1,2,1
"174",8215901,"VVG der Gemeinde Bad Schönborn",18239,0.390125,2,3,2
"175",8215902,"VVG der Stadt Bretten",32120,0.40029,2,4,2
"176",8215903,"VVG der Stadt Bruchsal",66507,0.396897,2,4,2
"177",8215904,"VVG der Gemeinde Graben-Neudorf",18044,0.386002,2,3,2
"178",8215905,"VVG der Gemeinde Oberderdingen",12713,0.398677,2,4,2
"179",8215906,"GVV Philippsburg",22127,0.41589,3,5,2
"180",8215907,"VVG der Gemeinde Sulzfeld",6348,0.388896,2,3,2
"181",8216008,"Bühlertal",7936,0.404189,2,4,2
"182",8216013,"Forbach",4787,0.436276,3,6,2
"183",8216015,"Gaggenau, Stadt",28633,0.432629,3,6,2
"184",8216901,"GVV Nachbarschaftsverband Bischweier-Kuppenheim",11079,0.436161,3,6,2
"185",8216902,"VVG der Stadt Bühl",34806,0.422257,3,5,2
"186",8216903,"GVV Durmersheim",24742,0.433027,3,6,2
"187",8216904,"VVG der Stadt Gernsbach",18953,0.436096,3,6,2
"188",8216905,"VVG der Stadt Rastatt",66063,0.464756,4,7,2
"189",8216906,"GVV Rheinmünster-Lichtenau",11634,0.431815,3,6,2
"190",8216907,"VVG der Gemeinde Sinzheim",16054,0.420579,3,5,2
"191",8221000,"Heidelberg, Stadt",154715,0.233125,1,1,1
"192",8222000,"Mannheim, Universitätsstadt",299844,0.587192,5,10,3
"193",8225014,"Buchen (Odenwald), Stadt",17571,0.574737,5,10,3
"194",8225060,"Mudau",4828,0.543677,5,9,3
"195",8225901,"GVV Hardheim-Walldürn",21136,0.575321,5,10,3
"196",8225902,"VVG der Gemeinde Haßmersheim",6889,0.537584,5,9,3
"197",8225903,"GVV Kleiner Odenwald",9514,0.558311,5,10,3
"198",8225904,"VVG der Gemeinde Limbach",7179,0.53041,5,9,3
"199",8225905,"VVG der Stadt Mosbach",35298,0.565936,5,10,3
"200",8225906,"GVV Neckargerach-Waldbrunn",9032,0.529925,5,9,3
"201",8225907,"GVV Osterburken",11356,0.548989,5,9,3
"202",8225908,"GVV Schefflenztal",9851,0.533312,5,9,3
"203",8225909,"GVV Seckachtal",8997,0.586555,5,10,3
"204",8226009,"Brühl",13786,0.379162,2,3,2
"205",8226012,"Dossenheim",12229,0.385264,2,3,2
"206",8226018,"Eppelheim, Stadt",15112,0.397434,2,4,2
"207",8226028,"Heddesheim",11154,0.378096,2,3,2
"208",8226036,"Ilvesheim",9008,0.378057,2,3,2
"209",8226037,"Ketsch",12619,0.39588,2,4,2
"210",8226038,"Ladenburg, Stadt",11380,0.390897,2,3,2
"211",8226041,"Leimen, Stadt",26097,0.416469,3,5,2
"212",8226060,"Nußloch",10770,0.378594,2,3,2
"213",8226062,"Oftersheim",11878,0.398939,2,4,2
"214",8226063,"Plankstadt",10160,0.391635,2,3,2
"215",8226076,"Sandhausen",14672,0.370251,1,2,1
"216",8226082,"Schriesheim, Stadt",14812,0.378035,2,3,2
"217",8226084,"Schwetzingen, Stadt",21494,0.408214,2,4,2
"218",8226095,"Walldorf, Stadt",14997,0.390428,2,3,2
"219",8226096,"Weinheim, Stadt",43892,0.406002,2,4,2
"220",8226103,"St. Leon-Rot",13403,0.374618,1,2,1
"221",8226105,"Edingen-Neckarhausen",13709,0.40734,2,4,2
"222",8226107,"Hirschberg an der Bergstraße",9582,0.369622,1,2,1
"223",8226901,"VVG der Stadt Eberbach",17331,0.412071,3,5,2
"224",8226902,"GVV Elsenztal",15689,0.400284,2,4,2
"225",8226903,"VVG der Stadt Hemsbach",18011,0.385135,2,3,2
"226",8226904,"VVG der Stadt Hockenheim",40678,0.401078,2,4,2
"227",8226905,"GVV Neckargemünd",25125,0.408458,2,4,2
"228",8226906,"GVV Rauenberg",20343,0.379047,2,3,2
"229",8226907,"GVV Schönau",10585,0.396948,2,4,2
"230",8226908,"VVG der Stadt Sinsheim",41990,0.41063,3,5,2
"231",8226909,"GVV Waibstadt",19812,0.407959,2,4,2
"232",8226910,"VVG der Stadt Wiesloch",34411,0.397144,2,4,2
"233",8231000,"Pforzheim, Stadt",119291,0.656714,5,10,3
"234",8235065,"Schömberg",7987,0.543127,5,9,3
"235",8235080,"Wildberg, Stadt",9678,0.483306,4,8,2
"236",8235901,"VVG der Stadt Altensteig",14263,0.521126,5,9,3
"237",8235902,"GVV Althengstett",16721,0.471648,4,7,2
"238",8235903,"VVG der Stadt Bad Herrenalb",9633,0.52357,5,9,3
"239",8235904,"VVG der Stadt Bad Liebenzell",11193,0.509169,5,9,3
"240",8235905,"GVV Teinachtal",11595,0.496099,4,8,2
"241",8235906,"VVG der Stadt Calw",25348,0.514014,5,9,3
"242",8235907,"VVG der Stadt Nagold",33868,0.509065,5,9,3
"243",8235908,"VVG der Stadt Bad Wildbad",12480,0.518796,5,9,3
"244",8236004,"Birkenfeld",10158,0.382664,2,3,2
"245",8236028,"Illingen",7321,0.369909,1,2,1
"246",8236030,"Ispringen",5962,0.383409,2,3,2
"247",8236033,"Knittlingen, Stadt",7946,0.385712,2,3,2
"248",8236046,"Niefern-Öschelbronn",11830,0.377985,2,3,2
"249",8236070,"Keltern",9043,0.381455,2,3,2
"250",8236071,"Remchingen",11673,0.393678,2,4,2
"251",8236072,"Straubenhardt",10829,0.386281,2,3,2
"252",8236901,"GVV Heckengäu",24024,0.378064,2,3,2
"253",8236902,"GVV Kämpfelbachtal",20719,0.377377,1,2,1
"254",8236903,"VVG der Stadt Maulbronn",9079,0.3976,2,4,2
"255",8236904,"VVG der Stadt Mühlacker",29858,0.405918,2,4,2
"256",8236905,"VVG der Stadt Neuenbürg",11999,0.38676,2,3,2
"257",8236906,"GVV Neulingen",12928,0.373927,1,2,1
"258",8236907,"GVV Tiefenbronn",10359,0.381484,2,3,2
"259",8237002,"Alpirsbach, Stadt",6349,0.47568,4,7,2
"260",8237004,"Baiersbronn",14500,0.477583,4,7,2
"261",8237045,"Loßburg",7406,0.442537,3,6,2
"262",8237901,"GVV Dornstetten",18651,0.450223,3,6,2
"263",8237902,"VVG der Stadt Freudenstadt",26526,0.493208,4,8,2
"264",8237903,"VVG der Stadt Horb am Neckar",33810,0.457503,4,7,2
"265",8237905,"VVG der Gemeinde Pfalzgrafenweiler",7905,0.468845,4,7,2
"266",8311000,"Freiburg im Breisgau, Stadt",222203,0.440367,3,6,2
"267",8315068,"Lenzkirch",4904,0.451579,3,6,2
"268",8315076,"Neuenburg am Rhein, Stadt",11984,0.481101,4,8,2
"269",8315133,"Vogtsburg im Kaiserstuhl, Stadt",5853,0.448486,3,6,2
"270",8315901,"VVG der Stadt Bad Krozingen",22509,0.477038,4,7,2
"271",8315902,"VVG der Stadt Breisach am Rhein",23210,0.471137,4,7,2
"272",8315903,"GVV Dreisamtal",20103,0.46308,4,7,2
"273",8315904,"VVG der Gemeinde Ehrenkirchen",9454,0.458221,4,7,2
"274",8315905,"VVG der Gemeinde Gundelfingen",12448,0.450798,3,6,2
"275",8315906,"VVG der Stadt Heitersheim",10790,0.472541,4,7,2
"276",8315907,"GVV Hexental",10348,0.481077,4,8,2
"277",8315908,"VVG der Gemeinde Hinterzarten",4210,0.499558,4,8,2
"278",8315909,"GVV Kaiserstuhl-Tuniberg",11557,0.452888,4,7,2
"279",8315910,"VVG der Stadt Löffingen",9422,0.46135,4,7,2
"280",8315911,"GVV March-Umkirch",14115,0.447657,3,6,2
"281",8315912,"GVV Müllheim-Badenweiler",31854,0.499762,4,8,2
"282",8315913,"GVV St. Peter",7553,0.442532,3,6,2
"283",8315914,"VVG der Gemeinde Schallstadt",11357,0.455177,4,7,2
"284",8315915,"VVG der Gemeinde Schluchsee",4333,0.480676,4,8,2
"285",8315916,"GVV Staufen-Münstertal",12741,0.484605,4,8,2
"286",8315917,"VVG der Stadt Titisee-Neustadt",14004,0.45036,3,6,2
"287",8316901,"GVV Denzlingen-Vörstetten-Reute",19262,0.503837,4,8,2
"288",8316902,"GVV Elzach",11649,0.479969,4,8,2
"289",8316903,"VVG der Stadt Emmendingen",48888,0.521876,5,9,3
"290",8316904,"GVV Kenzingen-Herbolzheim",25761,0.518904,5,9,3
"291",8316905,"GVV Nördlicher Kaiserstuhl",25530,0.508075,4,8,2
"292",8316906,"VVG der Stadt Waldkirch",28618,0.527925,5,9,3
"293",8317005,"Appenweier",9867,0.515317,5,9,3
"294",8317031,"Friesenheim",12621,0.507538,4,8,2
"295",8317051,"Hornberg, Stadt",4299,0.501852,4,8,2
"296",8317057,"Kehl, Stadt",34513,0.5638,5,10,3
"297",8317141,"Willstätt",9490,0.515552,5,9,3
"298",8317151,"Neuried",9352,0.508706,4,8,2
"299",8317153,"Rheinau, Stadt",11056,0.496013,4,8,2
"300",8317901,"VVG der Stadt Achern",36504,0.487784,4,8,2
"301",8317902,"VVG der Stadt Ettenheim",28487,0.512431,5,9,3
"302",8317903,"VVG der Stadt Gengenbach",16306,0.518407,5,9,3
"303",8317904,"VVG der Stadt Haslach im Kinzigtal",16035,0.467896,4,7,2
"304",8317905,"VVG der Stadt Hausach",7953,0.477305,4,7,2
"305",8317906,"GVV Kappelrodeck",10368,0.486279,4,8,2
"306",8317907,"VVG der Stadt Lahr/Schwarzwald",49522,0.565594,5,10,3
"307",8317908,"GVV Oberes Renchtal",7329,0.497034,4,8,2
"308",8317909,"VVG der Stadt Oberkirch",28881,0.500312,4,8,2
"309",8317910,"VVG der Stadt Offenburg",79972,0.543357,5,9,3
"310",8317911,"VVG der Gemeinde Seelbach",8039,0.503201,4,8,2
"311",8317912,"VVG der Gemeinde Schwanau",10696,0.492859,4,8,2
"312",8317913,"VVG der Stadt Wolfach",8396,0.45951,4,7,2
"313",8317914,"VVG der Stadt Zell am Harmersbach",15953,0.476696,4,7,2
"314",8325012,"Dornhan, Stadt",5985,0.469174,4,7,2
"315",8325901,"VVG der Gemeinde Dunningen",8053,0.459124,4,7,2
"316",8325902,"VVG der Stadt Oberndorf am Neckar",20055,0.482849,4,8,2
"317",8325903,"VVG der Stadt Rottweil",43330,0.501621,4,8,2
"318",8325904,"VVG der Stadt Schiltach",5553,0.434459,3,6,2
"319",8325905,"VVG der Stadt Schramberg",30178,0.474191,4,7,2
"320",8325906,"VVG der Stadt Sulz am Neckar",16158,0.485779,4,8,2
"321",8325907,"GVV Villingendorf",6600,0.46307,4,7,2
"322",8326003,"Bad Dürrheim, Stadt",12775,0.525286,5,9,3
"323",8326005,"Blumberg, Stadt",9920,0.512587,5,9,3
"324",8326031,"Königsfeld im Schwarzwald",5853,0.514811,5,9,3
"325",8326052,"St. Georgen im Schwarzwald, Stadt",12814,0.492278,4,8,2
"326",8326068,"Vöhrenbach, Stadt",3813,0.479368,4,7,2
"327",8326901,"GVV Donaueschingen",34722,0.510001,5,9,3
"328",8326902,"VVG der Stadt Furtwangen im Schwarzwald",10324,0.476778,4,7,2
"329",8326903,"GVV Raumschaft Triberg",11063,0.478648,4,7,2
"330",8326904,"VVG der Stadt Villingen-Schwenningen",104832,0.523356,5,9,3
"331",8327901,"GVV Donau-Heuberg",10494,0.47407,4,7,2
"332",8327902,"GVV Heuberg",12094,0.476501,4,7,2
"333",8327903,"GVV Immendingen-Geisingen",12153,0.528316,5,9,3
"334",8327904,"VVG der Stadt Spaichingen",30284,0.505736,4,8,2
"335",8327905,"VVG der Stadt Trossingen",18576,0.539407,5,9,3
"336",8327906,"VVG der Stadt Tuttlingen",51006,0.515944,5,9,3
"337",8335035,"Hilzingen",8290,0.511531,5,9,3
"338",8335063,"Radolfzell am Bodensee, Stadt",30485,0.523419,5,9,3
"339",8335080,"Tengen, Stadt",4501,0.519446,5,9,3
"340",8335901,"VVG der Stadt Engen",16091,0.513962,5,9,3
"341",8335902,"VVG der Gemeinde Gottmadingen",14471,0.56997,5,10,3
"342",8335903,"GVV Höri",10140,0.54538,5,9,3
"343",8335904,"VVG der Stadt Konstanz",93926,0.561143,5,10,3
"344",8335905,"VVG der Stadt Singen (Hohentwiel)",65683,0.554776,5,9,3
"345",8335906,"VVG der Stadt Stockach",32198,0.524321,5,9,3
"346",8336014,"Efringen-Kirchen",8431,0.571386,5,10,3
"347",8336084,"Steinen",9790,0.577628,5,10,3
"348",8336087,"Todtnau, Stadt",4860,0.52514,5,9,3
"349",8336091,"Weil am Rhein, Stadt",29683,0.628197,5,10,3
"350",8336105,"Grenzach-Wyhlen",14073,0.600059,5,10,3
"351",8336107,"Kleines Wiesental",2859,0.559812,5,10,3
"352",8336901,"VVG der Stadt Kandern",9609,0.587378,5,10,3
"353",8336903,"VVG der Stadt Lörrach",51035,0.634793,5,10,3
"354",8336904,"VVG der Stadt Rheinfelden (Baden)",34847,0.594288,5,10,3
"355",8336905,"VVG der Gemeinde Schliengen",9496,0.596571,5,10,3
"356",8336906,"GVV Schönau im Schwarzwald",5592,0.522493,5,9,3
"357",8336907,"VVG der Stadt Schopfheim",26809,0.576253,5,10,3
"358",8336908,"GVV Vorderes Kandertal",9597,0.575993,5,10,3
"359",8336909,"VVG der Stadt Zell im Wiesental",7011,0.562874,5,10,3
"360",8337002,"Albbruck",7185,0.639385,5,10,3
"361",8337038,"Görwihl",4236,0.613497,5,10,3
"362",8337062,"Klettgau",7478,0.649354,5,10,3
"363",8337066,"Laufenburg (Baden), Stadt",8843,0.641596,5,10,3
"364",8337106,"Stühlingen, Stadt",4956,0.609132,5,10,3
"365",8337116,"Wehr, Stadt",12591,0.630141,5,10,3
"366",8337901,"VVG der Stadt Bonndorf im Schwarzwald",8045,0.590011,5,10,3
"367",8337902,"GVV Jestetten",8283,0.716872,5,10,3
"368",8337903,"GVV Küssaberg",8999,0.679906,5,10,3
"369",8337904,"GVV Oberes Schlüchttal",7359,0.642931,5,10,3
"370",8337905,"VVG der Stadt Bad Säckingen",29842,0.646174,5,10,3
"371",8337906,"GVV St. Blasien",13098,0.642946,5,10,3
"372",8337907,"VVG der Stadt Waldshut-Tiengen",36055,0.671019,5,10,3
"373",8337908,"VVG der Gemeinde Wutöschingen",8241,0.642358,5,10,3
"374",8415014,"Dettingen an der Erms",9277,0.399279,2,4,2
"375",8415019,"Eningen unter Achalm",10688,0.421933,3,5,2
"376",8415059,"Pfullingen, Stadt",17870,0.42113,3,5,2
"377",8415061,"Reutlingen, Stadt",112452,0.447191,3,6,2
"378",8415073,"Trochtelfingen, Stadt",6360,0.424527,3,5,2
"379",8415080,"Wannweil",5185,0.415994,3,5,2
"380",8415091,"Sonnenbühl",6972,0.394984,2,4,2
"381",8415092,"Lichtenstein",9145,0.42499,3,5,2
"382",8415093,"St. Johann",5027,0.389363,2,3,2
"383",8415901,"VVG der Gemeinde Engstingen",8818,0.412767,3,5,2
"384",8415902,"VVG der Stadt Metzingen",28245,0.397634,2,4,2
"385",8415903,"VVG der Stadt Münsingen",17609,0.435108,3,6,2
"386",8415904,"VVG der Gemeinde Pliezhausen",14274,0.385533,2,3,2
"387",8415905,"VVG der Stadt Bad Urach",20340,0.395531,2,4,2
"388",8415906,"GVV Zwiefalten-Hayingen",5769,0.415583,3,5,2
"389",8416009,"Dettenhausen",5467,0.299258,1,1,1
"390",8416022,"Kirchentellinsfurt",5556,0.311622,1,2,1
"391",8416023,"Kusterdingen",8324,0.313097,1,2,1
"392",8416041,"Tübingen, Universitätsstadt",85871,0.379535,2,3,2
"393",8416048,"Ammerbuch",11254,0.305208,1,1,1
"394",8416901,"GVV Steinlach-Wiesaz",18756,0.315093,1,2,1
"395",8416902,"VVG der Stadt Mössingen",30079,0.338216,1,2,1
"396",8416903,"VVG der Stadt Rottenburg am Neckar",53048,0.339487,1,2,1
"397",8417013,"Burladingen, Stadt",12133,0.484421,4,8,2
"398",8417025,"Haigerloch, Stadt",10444,0.462895,4,7,2
"399",8417054,"Rosenfeld, Stadt",6370,0.491982,4,8,2
"400",8417901,"VVG der Stadt Albstadt",47757,0.522222,5,9,3
"401",8417902,"VVG der Stadt Balingen",39469,0.492639,4,8,2
"402",8417903,"VVG der Gemeinde Bisingen",11378,0.482103,4,8,2
"403",8417904,"VVG der Stadt Hechingen",25309,0.481079,4,8,2
"404",8417905,"VVG der Stadt Meßstetten",14476,0.479428,4,7,2
"405",8417906,"GVV Oberes Schlichemtal",10215,0.478041,4,7,2
"406",8417907,"VVG der Gemeinde Winterlingen",8809,0.48512,4,8,2
"407",8421000,"Ulm, Universitätsstadt",120714,0.356595,1,2,1
"408",8425039,"Erbach, Stadt",13204,0.397438,2,4,2
"409",8425108,"Schelklingen, Stadt",6765,0.42113,3,5,2
"410",8425141,"Blaustein, Stadt",15449,0.399142,2,4,2
"411",8425901,"VVG der Gemeinde Allmendingen",4938,0.410979,3,5,2
"412",8425902,"VVG der Stadt Blaubeuren",13819,0.415089,3,5,2
"413",8425903,"GVV Dietenheim",11922,0.409807,2,4,2
"414",8425904,"VVG der Gemeinde Dornstadt",13313,0.399244,2,4,2
"415",8425905,"VVG der Stadt Ehingen (Donau)",30268,0.421412,3,5,2
"416",8425906,"GVV Kirchberg-Weihungstal",10491,0.39112,2,3,2
"417",8425907,"GVV Laichinger Alb",20542,0.406806,2,4,2
"418",8425908,"GVV Langenau",25695,0.412316,3,5,2
"419",8425909,"GVV Lonsee-Amstetten",8665,0.393964,2,4,2
"420",8425910,"GVV Verwaltungsgemeinschaft Munderkingen",14058,0.419673,3,5,2
"421",8426134,"Schemmerhofen",8032,0.370632,1,2,1
"422",8426901,"GVV Bad Buchau",8330,0.396461,2,4,2
"423",8426902,"VVG der Stadt Bad Schussenried",11184,0.406741,2,4,2
"424",8426903,"VVG der Stadt Biberach an der Riß",57784,0.391763,2,3,2
"425",8426904,"GVV Illertal",13614,0.399664,2,4,2
"426",8426905,"VVG der Stadt Laupheim",32876,0.375633,1,2,1
"427",8426906,"VVG der Stadt Ochsenhausen",14301,0.384098,2,3,2
"428",8426907,"VVG der Stadt Riedlingen",29586,0.421522,3,5,2
"429",8426908,"GVV Rot-Tannheim",6819,0.391748,2,3,2
"430",8426909,"VVG der Gemeinde Schwendi",7912,0.370562,1,2,1
"431",8435035,"Meckenbeuren",13027,0.289605,1,1,1
"432",8435901,"GVV Eriskirch-Kressbronn am Bodensee-Langenargen",21074,0.311872,1,2,1
"433",8435902,"VVG der Stadt Friedrichshafen",64717,0.308784,1,1,1
"434",8435903,"GVV Markdorf",26123,0.301487,1,1,1
"435",8435904,"GVV Meersburg",17726,0.343373,1,2,1
"436",8435905,"GVV Salem",17016,0.325737,1,2,1
"437",8435906,"VVG der Stadt Tettnang",21116,0.290572,1,1,1
"438",8435907,"VVG der Stadt Überlingen",28587,0.346836,1,2,1
"439",8436008,"Aulendorf, Stadt",9904,0.467906,4,7,2
"440",8436010,"Bad Wurzach, Stadt",14316,0.463168,4,7,2
"441",8436049,"Isny im Allgäu, Stadt",13351,0.468979,4,7,2
"442",8436052,"Kißlegg",8696,0.456006,4,7,2
"443",8436094,"Argenbühl",6171,0.448555,3,6,2
"444",8436901,"GVV Altshausen",11194,0.459966,4,7,2
"445",8436902,"VVG der Stadt Bad Waldsee",22882,0.438685,3,6,2
"446",8436903,"GVV Gullen",13089,0.43754,3,6,2
"447",8436904,"VVG der Stadt Leutkirch im Allgäu",27305,0.447442,3,6,2
"448",8436905,"GVV Mittleres Schussental",89236,0.450676,3,6,2
"449",8436906,"VVG der Gemeinde Vogt",8129,0.433459,3,6,2
"450",8436907,"VVG der Stadt Wangen im Allgäu",32512,0.452404,3,6,2
"451",8436908,"VVG der Gemeinde Wilhelmsdorf",10008,0.450367,3,6,2
"452",8436909,"GVV Fronreute-Wolpertswende",8546,0.418297,3,5,2
"453",8437086,"Ostrach",6704,0.58874,5,10,3
"454",8437901,"GVV Gammertingen",12050,0.574964,5,10,3
"455",8437902,"GVV Mengen",16467,0.592707,5,10,3
"456",8437903,"VVG der Stadt Meßkirch",12772,0.596548,5,10,3
"457",8437904,"VVG der Stadt Pfullendorf",20959,0.601285,5,10,3
"458",8437905,"VVG der Stadt Bad Saulgau",21965,0.591453,5,10,3
"459",8437906,"GVV Sigmaringen",30386,0.607738,5,10,3
"460",8437907,"VVG der Gemeinde Stetten am kalten Markt",6413,0.563236,5,10,3
